trl,alpha1_opt,alpha2_opt,alpha3_opt
1,0.075135892680275,0.300807245557236,0.281417622799029
2,0.114352751658642,0.462959996139964,0.16154181180914
3,0.142097915045407,0.5867114661606,0.118153671096568
4,0.157162719107267,0.674301537333763,0.0964861459521593
5,0.16438158049552,0.742443447874471,0.0846081113944781
6,0.164404897697991,0.791081161377335,0.0764996965250108
7,0.156189102183613,0.837679929715665,0.0712767327613952
8,0.152508658124586,0.884858286152725,0.066713076724485
9,0.152537256480392,0.922751998569366,0.062538721743904
10,0.151145571306656,0.954600422985273,0.0593175513171054
11,0.143509292462968,0.982603327819009,0.056755395433727
12,0.132324510411109,1.01958541683718,0.0546594454981822
13,0.172993138062569,1.06247904695904,0.0534852282831721
14,0.195409121544951,1.00888799371124,0.0523440006370364
15,0.170997964093499,0.992753690490226,0.0538003942163832
16,0.151756872264113,1.00343320919222,0.0537600725934291
17,0.14278542508712,1.02972997774089,0.0525512964211327
18,0.160940897240574,1.05461815295381,0.0509146715648841
19,0.167172229572631,1.0344592594729,0.0494659724775866
20,0.16416616290887,1.03726645496529,0.0495952152105411
21,0.159711256708674,1.02761530094596,0.0488380465734866
22,0.144081232462628,1.03642927098743,0.0486331165256394
23,0.142915053141368,1.06082416564228,0.0477539058448638
24,0.145095175556333,1.06826166644123,0.0463067434961641
25,0.136868452296646,1.07995584409662,0.0455422601273485
26,0.127427482059726,1.10190921298517,0.0446969563633769
27,0.173049862951311,1.1306489692121,0.0444812096946955
28,0.196660022028446,1.05100575421183,0.0441777483377014
29,0.169101817255195,1.01988352766945,0.0464379869662858
30,0.15431158331982,1.0207713710274,0.0470721059586391
31,0.142991226535896,1.02772113537327,0.0465084185172743
32,0.131328820137749,1.0503505979978,0.0457907210722292
33,0.126223575265108,1.079303018216,0.0445350292669785
34,0.130699237436833,1.10647455048988,0.0431412658557543
35,0.133105421347264,1.11715241908661,0.0418862534495171
36,0.12465231246045,1.13110776114628,0.0412196531222988
37,0.115548675845394,1.15739049416788,0.0405079846447496
38,0.111507180446516,1.18872531236254,0.039466500139694
39,0.127770711497925,1.21820345482495,0.0384293066902851
40,0.135853523095218,1.20150946612567,0.0374979122445281
41,0.148438825413626,1.20412179859132,0.0378037897279544
42,0.153998979989443,1.16126156348042,0.037589479005226
43,0.141082850288037,1.1482499718237,0.0384952851097808
44,0.156524547111746,1.1454929275144,0.0386938677650482
45,0.158566755061136,1.10068361225682,0.0386213513119475
46,0.143409345845085,1.09157544553796,0.0396598661918918
47,0.185430678232674,1.09138612506061,0.0403351074044464
48,0.198188076213803,1.00338920322933,0.0408652678341369
49,0.174687663452645,0.972044928471402,0.0434445123302781
50,0.158226905414088,0.957235829397416,0.0441478754695134
51,0.154045873331657,0.965188947214038,0.0442928491277918
52,0.154525569125459,0.961433039642661,0.0435346213830716
53,0.148352157706501,0.964486612626036,0.0432293437615721
54,0.139889479508848,0.972197090372108,0.0427126792757439
55,0.128725988759343,0.989755129848899,0.0420903884858927
56,0.11991204470022,1.01703477549068,0.0411663224442026
57,0.113812858352812,1.04793021725877,0.0399667922037856
58,0.108469730891645,1.08145086771465,0.0387381915468394
59,0.103711598111713,1.11692500809549,0.0375205278241172
60,0.149934140296992,1.15388511224743,0.0370601236660014
61,0.178592922917019,1.07759297400658,0.0366659720741349
62,0.153862615971781,1.0453453027426,0.0386035208726278
63,0.140422518403442,1.04235143309632,0.0393326752641376
64,0.130237225359535,1.04600888207215,0.0391527392674174
65,0.122411238380093,1.06407427614161,0.0387907957227204
66,0.119525239238094,1.082841431414,0.0379902534946847
67,0.114429252787897,1.10218032834761,0.0372186140578448
68,0.107993792501107,1.12735648668845,0.0364821959698048
69,0.102564774978565,1.15664739092968,0.0356296934100273
70,0.0969974154888057,1.1889150139633,0.034725681700058
71,0.0914647592804748,1.22555523041339,0.0338097048412392
72,0.0888761553829233,1.26533823352704,0.0328470369246646
73,0.0923533310776641,1.3017798290489,0.0318744231401332
74,0.0993151323562536,1.32481613774037,0.0310311912060076
75,0.101049668994383,1.33558326117719,0.0304957256619388
76,0.103129914704866,1.34904751328564,0.0302219210816373
77,0.104297858566858,1.35134159010849,0.0298999322085742
78,0.105932504853846,1.35831416221287,0.0298008307948872
79,0.112303796159314,1.35493805633397,0.0296127398375418
80,0.110156753895886,1.34252259798141,0.029620922182347
81,0.109098120605862,1.34452011222522,0.0298074955358776
82,0.115395883062417,1.33686233221998,0.0297110428366619
83,0.121530802393267,1.32087199119154,0.0297971251704599
84,0.12749336820216,1.29787833059232,0.030042043829632
85,0.13327127731182,1.26918156151481,0.030426222865423
86,0.154172803626117,1.23602412513601,0.0310023224849404
87,0.15659634166105,1.1643121537362,0.0316850394843586
88,0.163852124734489,1.13121742582178,0.0333181413739383
89,0.193408233137372,1.06522535770435,0.0341698781823623
90,0.212112934120258,0.982135622685702,0.0359533590869578
91,0.216204693928558,0.90211971162149,0.0384241224362608
92,0.209061775645156,0.838983711103242,0.0410678773999752
93,0.196635735163789,0.796549904910027,0.0433147435978158
94,0.183155856644963,0.772589728177714,0.0448189888055937
95,0.170541533186377,0.763139448331206,0.0455195670072071
96,0.159346769839324,0.764528257329492,0.0455312693175776
97,0.171874851103474,0.773899015827197,0.0454319960735268
98,0.175224953649022,0.75821501847316,0.0451058786911475
99,0.159990931215245,0.7579038176056,0.0455491297590442
100,0.146803695758657,0.769150746012582,0.0452057126633471
101,0.163170699444607,0.788666873026446,0.0447546143629785
102,0.170188189269024,0.773654833382814,0.0440505060654653
103,0.154358015288462,0.775305155685968,0.044432815646059
104,0.141411821872299,0.788497014207296,0.0440162018594683
105,0.130792897363046,0.809642345553249,0.043083906812285
106,0.121934573008205,0.836351498207124,0.041856797708515
107,0.114403156907353,0.867034922294852,0.0404850284863443
108,0.107888243370998,0.900619836099167,0.0390639678595349
109,0.105006695166971,0.936368015220148,0.037639231943585
110,0.118967966456896,0.968070353442849,0.0363169667834275
111,0.167390063398391,0.968208591335977,0.0357132522450936
112,0.185602273538027,0.906049394347606,0.0360595604002207
113,0.178816009412899,0.870139265563958,0.0378512222066492
114,0.166963424241781,0.838303253470556,0.0388962550708684
115,0.149867008937605,0.831251237100229,0.0398843283739685
116,0.138656990856487,0.836113728117412,0.0398870557667862
117,0.138518089977945,0.848929493561889,0.0394198142832715
118,0.155556863808866,0.851821578182683,0.0387476660418897
119,0.184039675638905,0.832331680585681,0.0388302563826667
120,0.183131480636241,0.791646968999228,0.039784345947089
121,0.174239978666266,0.77602995507676,0.0412131952920088
122,0.1680166201207,0.760360588416574,0.0415339436372168
123,0.164553260754389,0.757465097175737,0.0418841984071085
124,0.158467946994962,0.750447096242311,0.0416868266020775
125,0.15497870827451,0.7565871884194,0.0417077287763434
126,0.160860168412361,0.75572311323536,0.0410615418086145
127,0.174909655127922,0.750050119348467,0.0410484020371507
128,0.181896203956139,0.730744373900753,0.0414994804149543
129,0.175882087911088,0.71617638595863,0.0422875479020148
130,0.165762068475393,0.709498783638533,0.0427314435344909
131,0.15351263947185,0.713050458070108,0.0428305454005174
132,0.143845040996543,0.725113233013754,0.042365966985799
133,0.151230977879976,0.741040797923574,0.0415561120404624
134,0.154438637125836,0.738592045322723,0.0406197504211255
135,0.14476831389403,0.744431695577935,0.0404468839652055
136,0.134867044467449,0.756316039368393,0.0399314618627743
137,0.129002780403124,0.775211530999248,0.0391686233083992
138,0.132734449277137,0.792632963154536,0.0381210288107412
139,0.13472315812853,0.800152269939258,0.0371871994571111
140,0.131315387162557,0.809295813264533,0.0366734364425036
141,0.125595719081858,0.819693892306581,0.0361339735003226
142,0.117197051347478,0.835442008509133,0.0355973793720196
143,0.110254515662412,0.857194625099463,0.0349006018976471
144,0.105321404887018,0.881187269017424,0.034029973296283
145,0.0999842050026404,0.906895129575127,0.0331453706203092
146,0.0969423218040158,0.935690335641265,0.0322619233638752
147,0.0963347359623423,0.961931207713059,0.0313353309715332
148,0.0930765793225929,0.986212759318642,0.0305450018084508
149,0.12749855879157,1.01391205457437,0.0303094072913029
150,0.155341670190061,0.964150269549436,0.0300226530702927
151,0.139160077912513,0.934441361501395,0.0312704521219248
152,0.124907290632984,0.926921642242872,0.032044831698749
153,0.11561773414873,0.930440260567323,0.0321781878502969
154,0.108283922240849,0.9414179762879,0.0319904983636195
155,0.108899866101025,0.957615178349994,0.0315932473705573
156,0.107404689530832,0.964553950395562,0.0310639670890587
157,0.10208832402528,0.979881857585812,0.0308121177879446
158,0.0983600088565654,0.995516334393449,0.0303383225814955
159,0.13353500187489,1.01498027777373,0.0303308346463778
160,0.168553025692886,0.957780166549209,0.0302510553252182
161,0.191105428926137,0.908673397551237,0.0320025729493968
162,0.190414594538388,0.835150515622998,0.0337139186216548
163,0.172400452328916,0.796277326731485,0.0360345928604255
164,0.167788489518632,0.773180781279999,0.0372552490180344
165,0.158670884220885,0.752016748475545,0.0379698615144326
166,0.142983404131417,0.748111958678014,0.0386929030149453
167,0.147340738303477,0.755639996457392,0.0387361597551668
168,0.163869386500262,0.746049256911634,0.0383428922042875
169,0.160694442570618,0.727013326852521,0.0386398173051124
170,0.150333098392685,0.723433034648304,0.0392619448986873
171,0.150868810249347,0.723661542490803,0.0391251622407922
172,0.145957078917598,0.719328076480076,0.038873992934878
173,0.13794237046719,0.725811490564391,0.0388472153781878
174,0.132253445580542,0.733469393144782,0.0383086949186775
175,0.139571641122377,0.746064740466031,0.0378425248309176
176,0.163644628962474,0.740626920103801,0.037477050455963
177,0.17500739145616,0.717032801945408,0.0378808277145128
178,0.173391810340156,0.695630851425344,0.0388710520846817
179,0.167652589889402,0.681340669999056,0.039730844565079
180,0.166599161463633,0.672120169795911,0.0401513931248725
181,0.165395533088167,0.663055083486939,0.040346510928579
182,0.160547483225711,0.656631083502214,0.0405671905058007
183,0.151522006313498,0.6564417320514,0.0407739581622994
184,0.141658680957332,0.663060734937459,0.0406072154205133
185,0.136169789519208,0.675570267278395,0.0400286187624801
186,0.131973923057886,0.687167494067415,0.039144205946701
187,0.124434067849574,0.701820366891059,0.0383904430064685
188,0.117763127209372,0.720946647541989,0.0375420016065318
189,0.119561654343746,0.741575140842274,0.0365248821622286
190,0.122059521406837,0.753097203995161,0.0354905275736056
191,0.132179453861165,0.764786693014887,0.0349448454494246
192,0.134480718773391,0.757858650009809,0.0344439591331364
193,0.126320894553497,0.762621854121507,0.034583367434207
194,0.123031688440821,0.769273010776533,0.0342472257792168
195,0.125102091072103,0.777364675641357,0.0338567873598756
196,0.122271018149266,0.778604616630483,0.0334434516093256
197,0.11364902172601,0.788696393018543,0.0333050943913651
198,0.107646519991023,0.802955583809866,0.0328468549644119
199,0.13169528487135,0.82026922949105,0.0326384873745803
200,0.146647716621891,0.793567921603937,0.0323753436558332
201,0.133661947646757,0.782907424615001,0.0331994948116707
202,0.122394303281281,0.782722697610553,0.0334837544317385
203,0.115721188828797,0.791797462417282,0.0333865196519849
204,0.109996918213888,0.801793471584091,0.0329566878690123
205,0.10521911146097,0.817759342432152,0.0325190137346498
206,0.101827217622449,0.833188038607685,0.031889839108921
207,0.0971518727733887,0.851349439179646,0.0313171038665036
208,0.0945767944673963,0.871572111977695,0.0306834208625978
209,0.105115430266607,0.890590337789299,0.0300651105337466
210,0.109833678361344,0.887604649208027,0.0295175547457012
211,0.135625109697566,0.894398737787989,0.0299356286150876
212,0.15524614329399,0.848514371878311,0.0300747670029338
213,0.144392046288611,0.820173300185492,0.0313712067086599
214,0.1334515691909,0.803380478259108,0.0321970356115347
215,0.122730608802084,0.798908889882968,0.0326787246537034
216,0.113218222421924,0.802694987672159,0.0327474342413975
217,0.112144875762667,0.81411763510336,0.0325302454527787
218,0.126588347355012,0.818352838826789,0.0321065402980531
219,0.158054406735479,0.803569195823081,0.0322405925479719
220,0.176752361787149,0.760474928715232,0.0330391414443415
221,0.171973226321164,0.720779780376517,0.034530853648391
222,0.165967056992902,0.695203512962514,0.0359224443137576
223,0.159152023630832,0.674623853272476,0.0368340638563152
224,0.154800076526863,0.664592292689262,0.0375714410043016
225,0.152703300076341,0.654612014326078,0.0377853113594472
226,0.151573994228682,0.649010794728593,0.0380036385532671
227,0.155399564547602,0.642366908957326,0.0380871722693725
228,0.156835679316229,0.633128987933879,0.0382308041653442
229,0.153831123976215,0.62530612871152,0.0384641216784679
230,0.15184526099202,0.621773877329459,0.0386419823710522
231,0.153703258678108,0.617593263765546,0.0387061447972387
232,0.151091845695862,0.613158856674891,0.038946536355861
233,0.146951724129118,0.612861387359568,0.0390286653530005
234,0.150364897096573,0.613614766323577,0.0389522619804234
235,0.151109201086076,0.609899429383545,0.0389064783113348
236,0.146835212381264,0.608609813718782,0.0389189416633601
237,0.143281645749487,0.610449370126715,0.0387566738707993
238,0.148210340895012,0.612990376613332,0.0385928508850573
239,0.148693038925463,0.609096797941247,0.0385320425067187
240,0.141136402954683,0.609850685572201,0.0386597445904638
241,0.134077454615242,0.61576198024889,0.038470642571657
242,0.127090756506452,0.62448743631338,0.037990220502213
243,0.119416504811536,0.637422350406038,0.0374052273090337
244,0.113618326863232,0.653714449411833,0.0366197468621159
245,0.109283909924224,0.671123161316288,0.0357019490578821
246,0.104214078927621,0.689535655829661,0.0347972655454095
247,0.101266020523174,0.710247996200527,0.0338997451562063
248,0.0990888421168291,0.728943138609348,0.0329540219128143
249,0.0946032559738893,0.748643788788619,0.0321580670441431
250,0.0920128730564912,0.770455289991201,0.031369377225982
251,0.090118126971828,0.790379924893033,0.0305478462757478
252,0.0862630221674263,0.811186218735121,0.0298466303471833
253,0.0821957781944918,0.833867471402674,0.0291612281057693
254,0.0785981667742587,0.857991372005506,0.0284588763161308
255,0.0797371369567432,0.883243018534205,0.0277540964885213
256,0.0807386259538756,0.901309442017125,0.0270552050175241
257,0.0778216623096245,0.920751588850684,0.0265842909110321
258,0.0852425530479883,0.941283817529536,0.0261294626059489
259,0.125826349945337,0.943065164749281,0.0259845849814056
260,0.164812880648338,0.88637095522032,0.0263339268507337
261,0.169470963352654,0.823261934508024,0.0278274905981331
262,0.177129713511081,0.77325930734524,0.0298127068568822
263,0.174290181209392,0.720287597062273,0.0316012287765113
264,0.162961849071677,0.685387107280168,0.0334374396960137
265,0.157601340929877,0.662422499234282,0.0347093468589983
266,0.158670278314506,0.643667028869156,0.0357010696692471
267,0.156570866472833,0.626443850811462,0.036558842919659
268,0.151523924508579,0.61384971875811,0.0372754332220804
269,0.14950456543616,0.607470805150447,0.0378665307068792
270,0.148972607972308,0.600182084554346,0.0380187021760892
271,0.145345317258363,0.595106681602616,0.0381857760544348
272,0.138890792331308,0.593549495358839,0.038325030381956
273,0.131994137350743,0.597128627745529,0.0382729356510531
274,0.125153881192543,0.603671172587653,0.0379170773672523
275,0.117660309739246,0.614381153772809,0.0374370556956031
276,0.11381619316491,0.628431902163476,0.0367262695835719
277,0.109914012873723,0.641233546250565,0.0358751899591712
278,0.104642466687304,0.657099016032437,0.0351479655619817
279,0.12086151722263,0.674003394579146,0.034624367674945
280,0.1336737256715,0.665546464991266,0.0341027784395884
281,0.12676760190939,0.661453294351898,0.0343325786046604
282,0.117869312124576,0.663596946193139,0.0344078890909214
283,0.109479521949127,0.671913718439917,0.0342228153256253
284,0.105185678188235,0.684659504747253,0.0337570438004374
285,0.107695647807321,0.696837727221906,0.0331064606767884
286,0.107377014379314,0.703058246908919,0.0325138858727741
287,0.101907489003893,0.712882482486243,0.0321882241162002
288,0.0987819070289064,0.725400711362656,0.0317295993581708
289,0.0973682950002494,0.737576990829257,0.031181506030389
290,0.0996184545346997,0.749520357584603,0.0306721691930309
291,0.101046924124867,0.755634894816656,0.0301887001719922
292,0.097188472927434,0.762816732104033,0.0299268783355109
293,0.0938729462544689,0.773363795202774,0.0296402580063246
294,0.0901002002674035,0.784088780970057,0.0292541057031551
295,0.0855507432860718,0.798481465845786,0.0288840182382042
296,0.0816250888214475,0.814511535461471,0.028412803332048
297,0.0781891964507884,0.83285238447445,0.0279144130220237
298,0.0852562846670782,0.852009911868409,0.0274021047741541
299,0.12044240195,0.854880198560505,0.0271983161328419
300,0.136151204191282,0.812787635993081,0.0274403391618038
301,0.138021613561323,0.789685949644636,0.0287105490030212
302,0.135818757874487,0.755665029081351,0.0294661617617529
303,0.145515809469345,0.740026579428102,0.0308433768446386
304,0.165281416587008,0.703005309248293,0.0318050604460095
305,0.162714359819579,0.665169389295345,0.0333297545589633
306,0.152503214156822,0.639412673303457,0.0348097299048996
307,0.142283029321592,0.624432460148278,0.0358795656497756
308,0.132109459745422,0.617535826881956,0.036489798886217
309,0.122198211363626,0.618427438234012,0.0367273743428285
310,0.113816547856049,0.625080512283595,0.0365606406324144
311,0.109441927362193,0.636007652812927,0.0360830956447926
312,0.1080114551772,0.646448454566546,0.0353885349325671
313,0.103815809108505,0.656574336033428,0.0347688110067958
314,0.0977125825821456,0.670181819124574,0.0342139256176334
315,0.0932372752746822,0.686392013081259,0.0335256880618837
316,0.0913140036261008,0.703477876964741,0.0327514913212545
317,0.0906562245589815,0.719264657226344,0.0319778677524524
318,0.0991563618027825,0.734046077105867,0.0313491433053758
319,0.105640163032927,0.73411793103159,0.0307839512998419
320,0.106642794864671,0.736457876272264,0.0307127521551014
321,0.107014976652747,0.734620519657486,0.0305583705521556
322,0.102006712040699,0.735483249664214,0.0305628856585076
323,0.0954540706670106,0.740993588204639,0.0304859483801631
324,0.0900547112429465,0.751169500478032,0.0302482830750025
325,0.0854935171087275,0.763629823822213,0.0298543466107988
326,0.0827449230846999,0.778897919884987,0.0293965928367038
327,0.0807523931786042,0.793426208555779,0.0288618712720771
328,0.0817395012969413,0.809272917822224,0.0283777916023983
329,0.0821240761199998,0.819621769364746,0.0278713735386785
330,0.0798160186456746,0.832178410347822,0.027549593792909
331,0.0776543127434019,0.844553356728029,0.0271744559353047
332,0.0746889742834534,0.858675238086595,0.0268221363974728
333,0.0715767274210624,0.874177170834844,0.0264370756690611
334,0.0696960895678488,0.891626645336811,0.0260300771950085
335,0.0683220413012281,0.908214317750062,0.0255879240214615
336,0.0658180248963638,0.925693850970337,0.0251895737249822
